,hasil,label
0, emang udah berapa kali pemindahan ibu kota kabupaten aja masih sebatas pindah kantor,0
1, cobalah pikirkan gmn cara untuk mengurangi hutang negara bukan malah sibuk urusan pindah ibu kota yang notabene membutuhkan biaya yang tidak sedikit mau cari peluang nambah hutang lagi apa ya presiden kok kayak ahh sudahlah ,-1
2,kalo ibu kota indonesia pindah ke kalimantan jkt ganti nama dong jadi klmntn ,0
4,survei berencana ajukan pensiun dini mayoritas pns ogah ibu kota pindah ke kalimantan ,-1
5,hari ini lihat berita ibu kota jadi pindah rupiah terpuruk rasanya pengen jadi hulk aja gw ,1
6,pindah ibu kota banyak pns bakal minta pensiun dini ,1
7,ibu kota pindah ini catatan penting pks buat pemerintah ,0
8,kalau indonesia katanya mau pindah ibu kota gw pindah tugas aja keluar kota lanjut pengawalan vvip ,1
9,rencana pemindahan ibu kota negara dari jakarta ke kalimantan membuat sebagian besar pns instansi pusat waswas mereka khawatir akan dipilih dalam gerbong pns pindah ibu kota ,-1
10, yg paling benar ibu kota negara indonesia masih tetap dki jaka a yg pindah tempat kedudukan lokasi hanya kantor presiden wakil presiden dan kantor kantor pembantu pembantunya presiden,1
11, uluulu nanti kalo ibu kota pindah di jemput deh ,1
12,ibu kota pindah ini catatan penting pks buat pemerintah ,1
13, te usah pindah ibu kota bayar tuh utang utang ,-1
14,yg paling benar ibu kota negara indonesia masih tetap dki jaka a yg pindah tempat kedudukan lokasi hanya kantor presiden wakil presiden dan kantor kantor pembantu pembantunya presiden,1
15,menurut survei yang dilakukan indonesia development monitoring idm setidaknya ada persen pns menolak rencana joko widodo itu ,-1
16, urus ekonomi saja tidak bisa pengusaha byk yg bangkrut pajak naik dan sekarang pindah ibu kota ,-1
17,survei berencana ajukan pensiun dini mayoritas pns ogah ibu kota pindah ke kalimantan ,-1
18,prediksi ibu kota baru pusat pemerintahan pindah pusat ekonomi korporasi akan ikut pindah ke ibu kota baru kedutaan kantor kantor pusat bumn stasiun tv juga akan pindah ,1
19, bentar lagi ibu kota pindah ke kalimantan dki bikin negara sendiri kayaknya hahahaha,-1
20, ibu kota pindah ,0
21, bicara kamu hebat di ilc tgl coba kita analisa omongan prof salim said dia bilang udah tua sakitan obat dibeli di singapur harga mahal makanya ibu kota ri harus pindah jkt sekarang ini kayak org tua itu mulut nya busuk bila bicara,-1
22, saya ingin tanya apakah dengan pindahnya ibu kota nanti akan drastis merubah jakarta menjadi pedalaman atau masih akan tetap menjadi pusat ekonomi kritik tuan bagi akal saya tidak relevan jika benar pindah status jakarta saja yang berubah kesibukannya tidak akan berubah thku,0
23,ibu kota jakarta boleh pindah ke kalimantan asal jalur kereta api nambo cikarang segera tersambung menyusul jalan tol yg sudah tersambung di pulau jawa merdeka hidup n k r i ,1
24, persen pns tolak ibu kota pindah ke kalimantan,-1
25, pindah ibu kota bukan penyelesaian masalah tapi menghindar dari masalah ,-1
26,apa alasan yang cukup untuk pindah ibu kota ,0
27,ibu kota jakarta pindah kekalimantan ibu kita kapan besanan,0
28, dari pada pindah ibu kota,0
29, sorry usa pindah ibu kota ya,0
30,mendingan ibu kota pindah ke manado selamat pagi ,0
31, bikin referendum pilih pindah ibu kota atau perbaikan ekonomi,0
32, masih sibuk mau pindah ibu kota,0
35,wah persen pns tolak ibu kota pindah ke kalimantan ,-1
36, makin ingin pindah ibu kota negara ,1
37,ibu kota pindah asn akan pensiun dini lihat di ,-1
38,hot issue pindah ibu kota,0
39,pindah ibu kota negara ternyata mau mengulang sejarah lama ,0
40,ibu kota negara siap pindah,1
41, phobi soal pindah ibu kota baca sejarah peradaban ustadz biar tercerahkan ,-1
42, kalau paksa pindah ibu kota siap siap jkw segera lengser ,-1
43,kosong dong ibu kota negara survei berencana ajukan pensiun dini mayoritas pns ogah ibu kota pindah ke kalimantan ,-1
44,pakek sok an karena jakarta sudah tidak kondusif terus ibu kota mau pindah udah deh jujur aja mau kasih proyek buat cukong developer yang sebagian gagal di reklamasi dan meikarta gitu aja kok mbulet cuk ,-1
45, saya sangat sangat sangat setuju ibu kota negara pindah ke kalimantan,1
46,ibu kota mau di pindah ya trs dananya emang sudah ada dr pd uang di hamburkan untuk hal yg kurang tepat mending buat kesejahteraan rakyat indonesia aja kl mau pindah ibu kota sekalian aja pindah ke planet mars ,-1
47,dalam waktu dekat presiden joko widodo akan mengumumkan lokasi ibu kota baru sejumlah kontraktor pelat merah pun atur strategi ,1
48,kereta cepat bdg jkt utk apa kalo ibu kota pindah ,-1
49, pindah ibu kota prank bukan ya ,0
50,ibu kota ri pindah ke papua ,0
51, kaya masih jaman orla aja pemerintahan kerjanya apa dong ini rakyat yg menggaji mu harusnya kasus beginilah yg harus lebih diperhitungkan di banding pindah ibu kota ,-1
52,pns asn ogah pindah ke kalimantan gubrakkkk ,-1
53, gini yaaa hutan digunduli itu logika nya ga selalu karena ada ibu kota walaupun ibukota ga jadi pindah ke kalimantan hutan di kalimantan lambat laun juga tetap akan gundul karena apa karena makin taun ke taun itu jumlah manusia bertambah sementara lahan dibumi ga bertambah,-1
54,pindah ibu kota adalah asbun jokowi tidak semudah bagi bagi sepeda ferguso persen asn tolak rencana pemindahan ibu kota ,-1
55,menteri era soeharto kritik rencana jokowi pindah ibu kota ,-1
56,persiapan dan apa yang detikers lakukan jika ibukota indonesia jadi pindah mencoba peluang baru dari tempat kerja atau malah ngasih kado ,1
57, bagus ibu kota pindah dari pada anis minta dana percantik ibu kota t,1
58,teman yg mau berkerja d asn siap ada ribu asn pusat mintah pensiun dini karna g mau ibu kota pindahkan asn yg buta melanggar sumpah jabatan ngelawan jokowi hampir semua asn tolak ibukota pindah mending pensiun dini ,-1
59,ribut pemindahan ibu kota ri apa sebenarnya yg akan di kejar pemerintahan saat ini apakah jokowi akan dikenang sebagai presiden mewujudkan ibu kota pindah atau dikenang sebagai presiden yg terpilih dgn kecurangan monggo dibahas,-1
60, ketika salah dibully abis abisan ketika berprestasi pada pura pura gk tau pantes ibu kota mau pindah wkwk,-1
61,gol bunuh diri persen pns tolak ibu kota pindah ke kalimantan ,-1
62,hrs ada keberanian utk eksekusi kebijakan pindah ibu kota utk selamatkan jakarta dr beban demografi ekologi transportasi yg semakin menyengsarakan warganya beban kota besar di pulau jawa juga akan terselamatkan jika ibu kota pindah ke kalimantan krn arus urbanisasi berkurang ,1
63,ibu kota pindah kontraktor pelat merah siap siap ,0
64, pindah ibu kota nanti juga di ralat tadz ,-1
65,me tinggal di kaltim trus pindah ke jakarta bbrp tahun lalu pemerintah ibu kota pindah ke kaltim kyknya pemerintah gamau deket gue deh ,1
66,live presiden jokowi umumkan lokasi ibu kota yang baru jadi pindah,1
67,di tengah negara lagi di bebani utang masalah papua pemerintah rencana kan pindah ibu kota jakarta ke ci kodol dasar kodok ,-1
68, cara berpikir jokowi ini buat marah aja ekonomi sdh sulit bnyk pengangguran keutuhan nkri ada gejolak dan banyak masalah hukum lainnya mestinya yg dipikirkan itu dulu atau byr hutang dulu ini malah minta pindah ibu kota ,-1
69, persen pns di jakarta tolak ibu kota pindah ke kalimantan ,-1
70, perencanaan pindah ibu kota ga mungkin setaun dua taun ini udh direncanain lama ,0
71,ahok rakyat masih susah untuk apa ngabisin ratusan triliun pindah ibu kota kalo ada masalah jakarta atasi dong masalahnya,-1
72,bisa untuk biaya pindah ibu kota dong ,1
73, memang nya andre itu siapa apa takut klu pindah ibu kota ngk ada demo berjilid para kadal gurun ketakutan klu ibu kota pindah,1
74,kajian ilmiah lah wong pak jokowi sudah memutuskan pindah tinggal tunggu waktu kok bukannya nunggu kajian ilmiah ,1
75, setujuuuuuuuuui persen apalah artinya pindah ibu kota negara kalo orang masih hidup susah mending duitnya dipakai buat memakmurkan rakyat bgt ndrooo,-1
76,ibu kota jadi pindah kira kira apa ya profesi yang laris nantinya ,0
77, bentar lagi nunggu realisasi ibu kota pindah ke kaltim haha,1
78, biasa pindah ibu kota negara menggadaikan rakyat dengan utang yg menumpuk itu yg biadab namanya pak,-1
79,wajib tahu kelebihan dan kekurangan ibu kota baru yang jadi pindah ke kalimantan timur ,0
80,soal pindah ibu kota pks ingatkan pemerintah harus bahas dengan dpr ,0
81, kalo ibu kota pindah ke kalimantan terus bangunan bekas pemerintahan yg ada di jakarta gimana nasib nya serius tanya ,0
82, dia samakan pindah ibu kota dengan pemilu jd tiap abis pemilu ibu kota dipindah digilir kali yah tiap provinsi kebayang itu duit boleh ngutang kenyang buang bang,-1
83,cuiiihh ngomongin efektivitas dan pemborosan soal pindah ibu kota yg triliunan aja ga dbilang boros mbak camara nya ini bikin geleng geleng kepala ,-1
84,beda lah om waktu itu yg bicara kan pak sedangkan ide pindah ibu kota kan yg bicara pak eh sama ya orangnya kok bisa ya itu orang emang amnesia bego atau kita yg emang dikerjain ,-1
85, beda lah om waktu itu yg bicara kan pak sedangkan ide pindah ibu kota kan yg bicara pak eh sama ya orangnya kok bisa ya itu orang emang amnesia bego atau kita yg emang dikerjain ,-1
86,bpjs kesehatan dan pindah ibu kota ,0
87,apa urgensinya pindah ibu kota dengarkan pendapat pak ahok nih ,-1
88, kan ibu kota mau pindah mbek jd ntar yg macet di kalimantan ,-1
89, berarti nnti jalurnya otomatis pindah tadz ke ibu kota baru d,0
90, kenapa ibu kota pindah jakarta sdh terlalu banyak problem yg rumit dan sdh tdk layak sbg pusat pemerintahan disamping sbg kota bisnis juga ibu kota negara shg menjadi kota terpadat dan tersibuk yg sangat mengganggu aktivitas pemerintahan ,1
91,sebaiknya memenuhi harapan para pns asn utk pensiun dini mereka tdk layak makan uang rakyat lg krn mereka egois bukan abdi negara yg membela kepentingan negara persen pns tolak ibu kota pindah ke kalimantan ,1
92, calon ibu kota adalah kaltim terletak di kab kutai kartanegara kerajaan tertua di indonesia sudah ada dari abad ke pindah ke kalimantan adalah awal yg baik untuk memuali sejarah baru untuk indonesia,1
93, iya rental aja pindah ibukota juga nhotrak aja karena usul bang ibu kota bisa pindah setiap lima tahun sekali dan gak lerlu bangun gedung gedung baru cukup ngontrak atw bergabung di rumah penduduk mantabe,-1
94, namanya sejarah yg sudah tercatat di buku tetap jadi sejarah nanti sejarah pindah ibu kota juga tetap ada sebagai conzoh kerajaan majaphit saja sdh enggak ada lagi tapi sejarah majapahit masih tercatat sampai detik ini,0
95, persen pns tolak ibu kota pindah ke kalimantan ,-1
96,kementerian pupr tengah menyiapkan konsep untuk hunian bagi asn hingga prajurit tni dan polri di ibu kota baru di pulau kalimantan ,1
97, aneh jaman skg negara lg miskin mau pindah ibu kota pencitraan kelas wahid ,-1
98, persen pns tolak ibu kota pindah ke kalimantan ,-1
99, bpjs saja masih tanda tanya kayak gitu kok katanya mau pindah ibu kota negara ,-1
100,isu terbaru seperti tagar bubarkan banser hanyalah satu dari sekian banyak bentuk pengalihan isu bahwa ada isu yg lebih esensial seperti bpjs premi pindah ibu kota dan berbagai isu penting lainnya kita terbiasa latah dan kurang mampu membaca peta gerakan yang ada ,0
101,ibu kota sebelum pindah keras lu ngatain miskin orang cari kos baru dah ,0
102, baru tauu yaa klo dia emang slengean ehh serampangan daripada pindah ibu kota mending ajj lebih bermanfaat klo ,-1
103, giliran pindah ibu kota yg borosnya minta ampun mingkem,-1
104, pindah ibu kota dgn anggaran dana hampir te te toet apa itu penghematan nyong ,-1
105, pindah ibu kota bukan pemborosan nalar gue cetek ya ,-1
106,peneliti belanda sebut indonesia tak perlu pindah ibu kota vivanews ,-1
107, mending urusin esemka aja dulu itu janji awal di antara seabrek janji kagak jelas realisasi lainnya ngurusin pindah mah ribet takutnya terakhir ibu kota indonesia pindah ke negara negara rakus akibat kitanya ketinggian keinginan hingga numpukin hutang ,-1
108,gpp ibu kota pindah yang penting hatimu jangan pindah ,0
109, sebelum ibu kota pindah kita harus silaturahmi ke ibu kota yok ,0
110,alasan ibu kota pindah ke kalimantan bosan dengan hukum negara dan beralih ke hukum adat sudah bosan naik lift jadi pengen coba masuk hutan n naik naik pohon atau mungkin sudah bosan melihat manusia bersifat seperti monyet jadi pengen liat mon,-1
111,ibu kota pindah bagaimana implikasinya secara hukum ,0
112,ibu kota pindah ke kalimantan yauda gausa mikirin mantan ,0
113,waw pro kontra pemindahan ibukota negara ke kalimantan terus muncul apa sikap pemerintahan ketika hampir seluruh menolak co ,0
114, blum pindah ibu kota kok kayak kekurangan oxygen prof hehe ,-1
115,pns pindah ke ibu kota baru negara di kalimantan dapat rumah via ,1
116,ibu kota mau pindah wsbp sudah bangun plant di kaltim ,1
117,mau pindah ibu kota ribet amat tinggal pindah aje elah ribet lu pada,0
118, bpjs suntikan dari pemerintah aja kurang lahh ini mau pindah ibu kota itu gimana tong ceritanya ,-1
119,peneliti belanda sebut indonesia tak perlu pindah ibu kota vivanews ,0
120, sejahtera kan rakyat indonesia itu jauh lebih penting dr pindah ibu kota negara,0
121, apa ahok gak setuju pindah ibu kota kira kalau doi setuju gak ya ,1
122, selain indonesia negara ini lebih dulu pindah ibu kota ,0
123, persen pns tolak ibu kota pindah ke kalimantan ,-1
124, dipikirnya kali pindah ibu kota itu ibarat kita punya anak banyak trus ketika gede tiap bulan kita datangin anak yg sulung bulan ini bulan depan adiknya trus aja gitu sampai si bungsu,0
125,dalam sekejap ekonomi rakyat hancur oleh jokowi dalam sekejap pula papua gaduh akibat ulah ormas baret hijau papua minta lepas dari nkri sementara maruf amin jokowi sibuk pindah ibu kota ,-1
126,bikin rpjp rpjm mudah kali yaa kok seenaknya main pindah ibu kota atur ulang rpjp dong ribet lagi dong susah ya atur negara makannya elu jan banyak bacott,-1
127, persen pns tolak ibu kota pindah ke kalimantan,-1
128, saya asli kalimantan mas dan tidak sependapat dengan anda tugas negara setiap kita lah yg memberantas ilegal logging gak ada yg bisa menjamin kalau ibu kota pindah di kalimantan maka ilegal logging dengan mudah teratasi ,-1
129, seperti tanda tanda kalau engga diizinin tuhan untuk pindah ibu kota ,-1
130, hallo mau pindah ibu kota duitnya dr mana mau naikin tarif bpjs ya bapake president bancakan beli mobil baru ,-1
131,uangnya abis pake beli mobil dinas baru menteri pake pindah ibu kota korupsi jalan jalan pejabat ,-1
132,ibu kota pindah untuk kepentingan siapa ,0
133, mentang mentangg ibu kota pindah bekasi gamasuk list,-1
134,pemerintah dingatkan hati hati pindahkan ibu kota negara ibu kota negar ,0
135,terlepas dr tujuan postingan ini yg nampaknya mau membully cmiiw tp argumen pak ahok ttg wacana pindah ibu kota oleh presiden sby saat itu menurut gue bener dan ide bikin train loop yg menghubungkan kota satelit jkt bs jd opsi mengatasi kemacetan ,0
136,pindah ibu kota bukan solusi pak,-1
137, jangan percaya jakarta ibu kota aja akhirnya pindah dari jakarta hahahaha,-1
138,ibu kota mo pindah kira kira monas di pindahin gak yaa,0
139,pindah rumah aja riweuh apalagi pindah ibu kota ye kan ,-1
140,merauke bebas gempa ibu kota pindah merauke saja gimana ,0
141,sjw grin pis menolak pindah ibu kota,-1
142,kepada sudah ada hasil survey jadi ini masukan untuk mempensiunkan dini mreka sebelum ibu kota negara pindah skalian diganti dgn asn pns yg handal ,1
143,ada yg berteriak ingin pembangunan merata tapi saat ibu kota akan di pindah malah mencak mencak marah marah ga jelas pohon bakan ditebang hutan di gunduli memang pusat pemerintahan mau dibangun di dlm hutan bukan di kotanya ,1
144, pemindahan ibu kota tak semudah yg di bayangkan yg kerja pindah keluarga harus pindah anak sekolah pindah kk ktp bpkb buku tabungan harus diurus pindah nyari tempat tinggal baru dan biaya transportasi untuk pindah besar kl usia sdh tua mending mengundurkan diri ,-1
145, kalau alasan pemerintah ibu kota itu tidak rawan gempa cocok deh di papua bagian selatan hehe tokyo aja sangat rawan gempa tapi tidak pindah ibu kota cc ,1
146, ibu kota pindah kalteng,1
147,pindah ibu kota tak menjamin kalimantan bakal sejahtera ,1
148, anjing ingusan ibu kota pusat pemerintahan harus pindah dari kesemrawutan dan hiruk pikuk kemacetan yg menggangu aktifitas biarkan jakarta kembali menjadi pusat perdagangan bandar jakarta,0
149,pindah ibu kota dan bola salju ,0
150, ya udah kalian semua yang ga suka ibu kota pindah mengajukan pensiun dini aja membuka banyak kesempatan bagi orang untuk menjadi pns ya kan,1
151,singkat padat dan jelas tentang pindah ibu kota yuk simak pendapat pakar berikut ini rakyat kita masih susah jadi jangan karena ada masalah menghindari masalah berapa ratus triryun ya itu masalah baru lagi ,-1
152, tentu ibu kota oke saja tapi yang pertama ini dulu tak elok kita ribut pindah ibu kota sementara papua masih bergejolak ini dulu harus diselesaikan pemerintah kata zulkifli di kompleks parlemen ,-1
153,mu pindah ibu kota apa munlari dari masalah rakyat masih miskin kaya gini ,-1
154, nah betul mau ibu kota ga pindah juga banyak perusahaan yg merusak hutan karna apa karna pengawasan dan penindakan yg kurang justru kalo ibu kota pindah akan lebih diperketat pengawasan mengenai hutan ,-1
155,apakah lumpuhnya kegiatan ekonomi di jakarta saat pemilu kemarin bukan alasan kuat untuk pindah ke ibu kota baru rugi milyaran loh mbok yo kalo menelisik suatu masalah itu dilihat dari berbagai sudut sama nya gitu loh jangan dikit nyinyir keliatan begonya sayang ,1
156, tolak pindah ibu kota pns yg berakal sehat tapi mereka ga keberatan ,0
157, pindah sini jadi anak ibu kota sama tante,0
158,pindah ibu kota negara buat apaa berapa bbnyak lagi dana yg akan d keluarkan trs gmna hutang apa kurang bnyak ,-1
159, mending uangnya di pakai untuk membantu petani peternak nelayan pendidikan dan kesehatan pindah ibu kota coman cari legacy doank,-1
160, buruk amat nasib tuh orang mau pindah ibu kota langsung dijawab ame gempa terlalu sombong ,-1
161, mau pin di ganti kuningan gak akan bisa bantu hutang kesenjangan pengangguran btw junjungan mau pindah ibu kota kga ikut ikut bilang pemborosan itu t lebih loh sist klo dikasih ke menteri pembangunan daerah tertinggal se nkri bisa kena dampak baiknya loh sist ,-1
162,untuk pindah ibu kota kira kira bpjs listrik bensin tol naik ngak ya ,-1
163, persen pns tolak ibu kota pindah ke kalimantan ,-1
164,yang aku pikirin pertama kali ketika pembahasan haruskah ibu kota pindah nanti di seluruh dunia harus disoialisasiin kalo jakarta bukan lg ibukota indonesia ngurusin atlas yg pusatnya di jkt jdi kalimantan i can t tell more how these so unthinkable ,0
165,prof emil salim dan prof didik j rachbini keputusan pindah ibu kota serampangan serta keliru besar ini segelintir orang saja yg memutuskan lalu mengambil kesimpulan dan lapor presiden layak dipindah ,-1
166, yg ngomong esemkah dan pindah ibu kota orangnya itu jg ,-1
167, ibu kota harus pindah ,1
168,ibu kota boleh lah pindah ke kalimantan kalo kamu jangan lah pindah lagi ke hati mantan,0
169,peneliti belanda sebut indonesia tak perlu pindah ibu kota ,1
170,emang solusi pemerataan pembangunan cuma dengan cara pindah ibu kota aja ya gak ada cara lain gua lebih konsen masalah pembukaan lahannya itu loh serius issue climate change mau dikesampingkan kadang hal kontradiktif gini yg bikin sakit kepala untung cuma rakyat biasa ,-1
171,wajib tahu kelebihan dan kekurangan ibu kota baru yang jadi pindah ke kalimantan timur ,0
172, bani togog mau mindahin ibu kota roman nya mau lari dari janji palsunya yg sampai saat ini jauh dari realita kamu lupa ya sby saja yg thn menjabat ri tak mampu seleseikan hambalang apalagi masjoko ga punya duit so an pindah ibu kota dari hasil ngutang mau bayar pake apa ,-1
173,status istana kepresidenan jakarta tidak disewakan tetap istana spt istana bogor cipanas tampaksiring kalau pindah akan dibangun istana di ibukota baru istana lama tetap jadi istana ,0
174, kalo tongkrongan anak kalimantan gmn min ibu kota kan pindah ,0
175, tenang tenang sebentar lagi ibu kota pindah,1
176, woy nyinyireus ibu kota jadi pindah ngga si serius nanya teh makannya apa biar anak perempuan sy bisa pinter kaya teteh ,1
177,kalo ibu kota pindah jakarta ntik e jadi hutan yo gak sih,0
178, pindah ibu kota itu cuma iseng om boneka lagi stres kas negara kosong biasa kelakoan tukang meubel om ngibul menjadi asbun ,-1
179,status istana kepresidenan jakarta tidak disewakan tetap istana spt istana bogor cipanas tampaksiring kalau pindah akan dibangun istana di ibu kota baru istana lama tetap jadi istana ,0
180,ayooo setuju percepat pindah ibu kota gertak kok sambelnterasi otak dongo yang mau pensiun dini kebetulan banyak yg berguna selain kalian wahai para asn ,1
181, implikasi ketatanegaraan versi dosen up jika ibu kota pindah nasional ,0
182,ketua mpr sarankan pemerintah tunda bahas pindah ibu kota ,-1
183, gagalkan tidak butuh pindah ibu kota ,-1
184,kalo ibukota pindah ke kalimantan berarti mantannya kali nyesel sudah ninggalin si kali yang bentar lagi dipinang sama si kota dan si kota mau ngenalin ibu nya ke si kali,0
185,kalo prof emil salim udah komen begini berarti ada yg salah dalam proses ini ,-1
186,ga pande urus negara masak beralasan pindah ibu kota ga gentleman kata orang medan,-1
187,cianjur jakarta via puncak one way jam hanya orang goblok yg menolak ibu kota pindah,1
188, berul berdasarkan tim ahli lbh baik menyelesaikan mslh dijakarta drpd pindah ibu kota,-1
189,alhamdulillah lebih cepat lebih baik ,1
190,kontribusi lu buat negara apaan gw kaga sombong sih gw kalau liburan apa lg kalau malem minggu dirumah aja mengurangi kemacetan lah tkut beneran ibu kota pindah kan kasian basa lu gw jadi bahasa anak kampung besok ,1
191, dari pada pindah ibu kota lebih baik buka dob daerah otonomi baru jumlah provinsi genapin jadi angka keramat hehe dan buat sistem seperti dki semua yaitu cuma gub yg dipilih langsung bupati dan walikota ditunjuk gub insyaallah lebih efisien dan indonesia pasti maju ,-1
192, masih mikir dan kaget aja sih aku ibu kota pindah jauh ke kalimantan,0
193,hi guys akan membahas ada apa dengan jakarta gimana ya reaksinya marlo marco soal ibu kota pindah ke kalimantan ada jg none favorite jakarta selatan luna shabrina yg masuk di tonton keseruannya hari minggu pukul wib ,0
194,ibu kota pindah ke kalimantan kemana perginya orang utan ,-1
195, tapi kayanya aga sedih deh klo ibu kota pindah cuma ya kasihan sih jkt butuh bernapas hehe,0
196, yg penting mah sehat dah ya pada kalopun ibu kota pindah gedung yg tempat kerjaan ga mungkin di jual,0
197, klo ibu kota pindah gedung disini masih tetp pada beroperasi kan pasti yg kerja di jkt gimana,0
198,ahok tolak ibu kota pindah rakyat masih susah jangan lari dari masalah ,-1
199,di tv one saat ini siaran ulang perlukan ibu kota pindah barang kali pada siaran ulang ini bisa tampak pintar gak kaya waktu live keliatan banget kosong otak nya yuuuk nonton acaranya bang,1
200, eng ing eng siap siap nih banyak warga yang pindah palagi para pns siapa mau beli rumah rumah mewah di jakarta diobral buat dp rumah di ibu kota yang baru yu ah siap siap nabung buat beli rumah obral ,0
201, emang berat kalau mikir pakai dengkul pindah rumah tiap lima tahun aja berat minta ampun bawa semua barang ini ibu kota malah,0
202,bebas deh ibu kota mau pindah yang penting ibu kita tidak gundah ,0
203,skrg kita paham kan knpa ibu kota harus pindah krna salah satu nya ini gabenernya cuma bisa ngabisin anggaran tnpa tau manfaatnya ,-1
204,mau pindah ibu kota jawab dulu pertanyaan ini bosku segera naik videonya udah lama nih gak subscribe ya di ,0
205,dicari dasar hukum pindah ibu kota ada uu no ttg dki jakarta sbg ibu kota negara dan juga uu no ttg pmrthn prov dki sbg ibu kota nkri dua uu ini harus dicabut dl bila ibu kota jd pindah ,-1
206,mpr tunda pindah ibu kota tuntaskan dulu ekonomi dan papua ,-1
207, iya daon betonn setuju donk klo ibu kota pindah ,0
208, jadi kalo begitu ibu kota ga usah di pindah ya pak karena hal itu bisa memakan biaya yg besar ,-1
209, buat jokowi pindah ibu kota bukan gagah gagahan cnbc indonesia ,-1
210,sekalian mau pindah ibu kota om ,0
211,ya memang itu lebih bijak dunia lagi gonjang ganjing ya sabarlah sampai naik peringkat jadi negara maju ,1
212,udah enak kalimantan jd paru dunia klo ibu kota pindah pada ditebangin ga ya ,0
213,sangat setuju apabila asn benar benar pensiun dini apabila ibu kota pindah ke kalimantan ,-1
214,ketua mpr zulkifli hasan meminta pemindahan ibu kota dari jakarta ke kalimantan ditunda alasannya kata dia karena masih saat ini masih ada masalah yang lebih serius di papua lewat ,-1
215,kalau ibu kota pindah ke kalimantan dki jakarta bukan daerah khusus ibukota lagi tapi jadi daerah kirain ibukota jakarta saya gres natali met malam ,0
216, sy gk ngerti politik cm mau tanya dampak nya pindah ibu kota apa apakah rakyat menginginkan ibu kota pindah apa kesejahteraan rakyat dari sabang smpe merauke bs sejahtera klo ibu kota pindah,0
217, apa baiknya memang ibu kota pindah saja ,1
218, yg punya akal sht pasti ngga setuju ibu kota di pindah lbh baik perbaiki dulu ekomomi yg carut marut ,-1
219,pemindahan ibu kota ke wilayah itu dianggap hanya akan menyebabkan para pejabat publik tidak mengetahui realitas sesungguhnya dari kondisi indonesia ,-1
220, kayak gini masih mikir pindah ibu kota ya tuhannn,-1
221,tak hanya jakarta mengapa negara di dunia memutuskan pindah ibu kota ,-1
222,termasuk banjir dan macet solusinya pindah ibu kota ,1
223, sekarang ngomong pindah ibu kota juga asal njeplak mengapa juta manusia nyari orang saja susah ,0
224, sdm unggul indonesia maju generasi milenial menyambut dengan antusias menggantikan pns yg mengajukan pensiun dini ibukota baru butuh pns baru suasana baru pikiran baru merubah cara lama ,1
225,ha ha pindah ibu kota akal buat nyari proyek aja tp yg satu ni harus ,-1
226, rezim ini kerenn ibu kota fix pindah ke kalimantan lahan di bakar aja dlu ahaha,-1
227, sdm unggul indonesia maju generasi milenial menyambut dengan antusias menggantikan pns yg mengajukan pensiun dini ibukota baru butuh pns baru suasana baru pikiran baru merubah cara lama ,1
228, nunggu ibu kota pindah semarang ,0
229, temanya pindah ibu kota bintang tamunya rg apa sihhh kontribusi rg untuk bangsa ini ,-1
231, keknya mereka bakal diajak pindah ke ibu kota baru nih,0
232,kalau menolak bisa dianggap terpapar kalau disetujui jebol anggaran negara buat bayar pesangon ,0
233, trus trang bosaan dngar berita dki jkt yg ga mutu lebih cepat lebih baek ibu kota pindah jkt malu in,1
234, hemat itu ditengah utang mencekik bersabar untuk tidak pindah ibu kota bukan malah memaksakan bener gak bro dan sis ,-1
235, ibu kota kalo pindah kaltim yg kasihan amien rais jalan kaki dr ibu kota ke jogja jd semakin jauh ,0
236, kasihan mereka kek klo pindah ke ibu kota baru maka asn pns ers ini akan absen dalam event alumni monashh universiti n tidak bisa lagi support wan abud langsung wekwek,0
237,ketua mpr tak elok ribut pindah ibu kota sementara papua bergejolak ,-1
238,asn pns ers nih yg mikirnya ga nyampe model begini justru klo pindah ke ibu kota baru bakal disediakan fasilitas lengkap berupa perkantoran perumahan perbelanjaan kesehatan ttansportasi hiburan etc sehingga bisa efektif n efisien dalam bekerja ,1
239,nyediain mobil jenazah aja ga bisa sok an pengen pindah ibu kota ,-1
240,ketua mpr tak elok kita ribut pindah ibu kota sementara papua masih bergejolak ,-1
241,mau ibu kota negara ikn pindah atau tetap di jkt atau mau punya ikn sampai silahkan saja yg ptg sanggup atau tidak mengongkosi dan memeliharanya ,1
242, tweet mu itu fahri ngakak gw baca a efek ibu kota pindah panik ampe gk bisa tidur lahan basa pindah tangan awas stroke bro ,1
244, gk pa lah kalau gk dikasih panggung gk ketahuan gobloknya contoh kalimantan gk ada gempa trnyata kalimantan ada gempa data bmkg masalah pindah ibu kota ternyata junjungannya yg terhormat dipertuanagungkan jg g setuju biarlah mereka berkomedi ,-1
245,menciptakan gagasan perpindahan negara tentu tidak semudah menciptakan gagasan mobil esemka jika gagasan mobil esemka dipertanyakan dianggap gagal bgmna dgn gagasan pindah ibu kota yah ,-1
246, apa betul itu komentarnya pak udah dipikir belum pak kok pindah ibu kota biasa memang takut ya pak kalau di bongkar kasusnya jika ada jujur aja pak,-1
247,setuju pak ,1
248,pindahnya ibu kota indonesia diramalkan bisa menyebabkan kenaikan harga terhadap tiga saham ini apa saja sahamnya dan bagaimana prospeknya simak yuk ,1
249,ibu kota katanya kan mau di pindah ke kalimantan apa ku migrasi ke kalimantan aja ya ,0
250,my random question this afternoon is kalau ibu kota pindah ke kalimantan siapa yg bisa jamin perusakan hutan ibu kota pasti butuh lahan yg luas dan pembangunan infrastruktur dgn kapasitas besar sementara hutan kalimantan katanya paru indonesia ,0
252,ganti bendera mungkin biayanya lebih kecil dari pada pindah ibu kota,0
253, mungkin ini imbasnya ibu kota pindah ke kalimantan mereka berlomba lomba membuka lahan dengan cara yang instan apakah bapak akan diam saja ,-1
254, demi pemerataan pembangunan yg merara dan kesetaraan ibu kota pindah lanjut pindah pak,1
